{
  "creds": {
    "noiseKey": {
      "private": {
        "type": "Buffer",
        "data": "oLESzElDJadaQj1yAyZ2UTh0ba/Juy2XJwtLzYJxY1w="
      },
      "public": {
        "type": "Buffer",
        "data": "M3UuR53WRdK7Xg9vSkehx0BZHD6btnn6xRVofoP8fBU="
      }
    },
    "signedIdentityKey": {
      "private": {
        "type": "Buffer",
        "data": "YFbs5VIE5T52O8hUyVCviMnv3Y4I/8iB5nNGiEdlRU4="
      },
      "public": {
        "type": "Buffer",
        "data": "Lizeu+ujAjq9KleijHmRE+pHwujdlQlU4sx+nGPRtBE="
      }
    },
    "signedPreKey": {
      "keyPair": {
        "private": {
          "type": "Buffer",
          "data": "mDugVTmn8xwllJBE3rW/G5PPkx9G0OVgt1li8S3Ikl0="
        },
        "public": {
          "type": "Buffer",
          "data": "hqBzdvG50TqbX3C5u5X0uTOQHvtmSzahVTUc6LA/pTg="
        }
      },
      "signature": {
        "type": "Buffer",
        "data": "1CVIREfW/3oYHt/oig4zGa+3STjpQJJ7wGQLMiW6s9IuNMyOkqlqTlgXGrwfVSwValW0xmN5LSmh01v6/3/kDQ=="
      },
      "keyId": 1
    },
    "registrationId": 196,
    "advSecretKey": "mslgM5OtzaiZd8Z69RPuKt/95Xx2ASKW71kkbPrKGPk=",
    "nextPreKeyId": 31,
    "firstUnuploadedPreKeyId": 31,
    "serverHasPreKeys": true,
    "account": {
      "details": "CNfiOxC4itiVBhgC",
      "accountSignatureKey": "3ZYk3VNoomtWgDw1Y63sxCejeDO3GDGi2H47lh1cUhQ=",
      "accountSignature": "b7BVKTMaUtdZrv1+Kx68apVuEFmAwn1PVf2QaSdYVXk+yWsmJMLF/q0I6aqgtk0YZYs50zoM8HDKhIrcAZn1AQ==",
      "deviceSignature": "GEMozBYG38/J9sE//YcPRav2B+ub2rhQ3dhopETMwwBiiPx9HTilFRQNpKI8ovfsPhabnqBHTOkC3BCsy5mfCw=="
    },
    "me": {
      "id": "923187028664:22@s.whatsapp.net",
      "verifiedName": "",
      "name": "🙄"
    },
    "signalIdentities": [
      {
        "identifier": {
          "name": "923187028664:22@s.whatsapp.net",
          "deviceId": 0
        },
        "identifierKey": {
          "type": "Buffer",
          "data": "Bd2WJN1TaKJrVoA8NWOt7MQno3gztxgxoth+O5YdXFIU"
        }
      }
    ],
    "lastAccountSyncTimestamp": 1656096059,
    "myAppStateKeyId": "AAAAAAqA"
  },
  "keys": {
    "preKeys": {
      "1": {
        "private": {
          "type": "Buffer",
          "data": "gHvbgmM/Kjjt8efHv4KinwA506rpZEX7AESc1iWzX0g="
        },
        "public": {
          "type": "Buffer",
          "data": "nFGNYS/PA279ymzrLoO/Y1qrXecJI8EjqT6vqEO+uQA="
        }
      },
      "2": {
        "private": {
          "type": "Buffer",
          "data": "sNSX0oXRgRUUPPmU+nrrj8Eb5llTTsktnJLBBxzlbE4="
        },
        "public": {
          "type": "Buffer",
          "data": "qo1+/3cgJT4YeqUqSsLR+8W4ZEOTam10W2eQ32CEQn4="
        }
      },
      "3": {
        "private": {
          "type": "Buffer",
          "data": "uCHMt8KGonxhQnWTT6a367Q5eUjpIp6M/NqaGUcYOnQ="
        },
        "public": {
          "type": "Buffer",
          "data": "4AEEF0vQe/feNlYTtr5VgINKYGYa/OicclRikWogE28="
        }
      },
      "4": {
        "private": {
          "type": "Buffer",
          "data": "aHFBSRanluvk/ta4ZuTiMZdTgmSL0WCZIAiQ+QRnM1M="
        },
        "public": {
          "type": "Buffer",
          "data": "ZSlnfD5nCtdWbEKsz24Oo2gS0FhRN8eibZwYErof7iQ="
        }
      },
      "5": {
        "private": {
          "type": "Buffer",
          "data": "CK8LoTs271qU3Qw4+GVrgjj4FCQHr7BRibi2idbNPlU="
        },
        "public": {
          "type": "Buffer",
          "data": "BnEaaFOjDDPA3VyTdbLO/1JcXGaoC4uy2PenG1yLeEs="
        }
      },
      "6": {
        "private": {
          "type": "Buffer",
          "data": "uBegEoUtwVeofgch2Doz6ujGgIfxQS/f+sxdJMyU61U="
        },
        "public": {
          "type": "Buffer",
          "data": "7MrkoxzNjdJs4nJOemLI4xEpe7SbPuCV0C2yWiEcHDI="
        }
      },
      "7": {
        "private": {
          "type": "Buffer",
          "data": "SLEk41TI3KGy4B6puwx5TmKpif6WEbOFTyf5ABH1hWk="
        },
        "public": {
          "type": "Buffer",
          "data": "yhfF1sXLsgBktmAIJ9c/icqulTmzosHd1kRymu+CcBI="
        }
      },
      "8": {
        "private": {
          "type": "Buffer",
          "data": "YE1Xf7KIv1Rx3hjRk8hhkx9ZhSe9PAAGVFkxApZW9EI="
        },
        "public": {
          "type": "Buffer",
          "data": "GlA3hgpkDcL+YKrJtmmvYm0/8QSaDCMydS0esILHyFQ="
        }
      },
      "9": {
        "private": {
          "type": "Buffer",
          "data": "6G05CXZh+RpL/uSNYYLJQHlnNZ57CjGVFNTFZvzq6Xo="
        },
        "public": {
          "type": "Buffer",
          "data": "/MTMHzKulUo3ssnlLiEj1jN/qcamQq+w8jhobhhbBAA="
        }
      },
      "10": {
        "private": {
          "type": "Buffer",
          "data": "GDhQSqgFvB0rIqmclQifI/4DMBsPZfouTlMrOvkFbWE="
        },
        "public": {
          "type": "Buffer",
          "data": "w8jIHkFzmTt6sbN9zcv3dO6Dj0qFlRLo2Gl+Dk5zbwY="
        }
      },
      "11": {
        "private": {
          "type": "Buffer",
          "data": "SBWjzKeeVG1qcUOAor3pmlI0XM18jJWkZ6GUuqEnYls="
        },
        "public": {
          "type": "Buffer",
          "data": "TiBkiKESDq4rIUri+ED2uPzHJOzDDPFNXRp4XWeHTjQ="
        }
      },
      "12": {
        "private": {
          "type": "Buffer",
          "data": "wAXwA2OSOGIa8PI274p0jKln59jbtIedq827d/4lyE0="
        },
        "public": {
          "type": "Buffer",
          "data": "KDpsE4AJjlhoKx42kbg/s1Fm3pgg1cvzC97GDcLhMi0="
        }
      },
      "13": {
        "private": {
          "type": "Buffer",
          "data": "eFqp0bEgOuliUxiL4ZNNRtHWel/RkmUpnbdF1NMfDm8="
        },
        "public": {
          "type": "Buffer",
          "data": "8E5g0vnpMiwvZ+FgZ4uF5/YjqdECcmmJrR+rzvMSLXs="
        }
      },
      "14": {
        "private": {
          "type": "Buffer",
          "data": "0NIZ6/GgKz9z69Bs795F+EOtMHjteAHp8/ZIm6C70lQ="
        },
        "public": {
          "type": "Buffer",
          "data": "cKZLpg+TLdC2WvjhvW0C5memklosCqR/dw1OB2YVB08="
        }
      },
      "15": {
        "private": {
          "type": "Buffer",
          "data": "EMRthxBt3QpRlzjURoK7MzEK5QvF6TcoMzKpi4otxXk="
        },
        "public": {
          "type": "Buffer",
          "data": "MWT1+GhuSVoM9NZBo9IXPQqCeis2YChQflK4E8wMykY="
        }
      },
      "16": {
        "private": {
          "type": "Buffer",
          "data": "SIMajk3dVqMPY1MfTKCpi64cqWQUePaDALs3LD/qmnE="
        },
        "public": {
          "type": "Buffer",
          "data": "467shYuqa70x6g4pYybZ4qTGxlRXmLMkibNKUhVuan4="
        }
      },
      "17": {
        "private": {
          "type": "Buffer",
          "data": "MBKmO/cBuCw1gjVz3MMtAUfX+aRnV22yT4pcWrjWZm0="
        },
        "public": {
          "type": "Buffer",
          "data": "zmQRa2Vw+5eSSPEkesosORUdFBhDZki0Gm6i/Uotghc="
        }
      },
      "18": {
        "private": {
          "type": "Buffer",
          "data": "yEfulTGvRyFyMVz79HS//pjxLs7Cy6bNCNxeVJW/YVI="
        },
        "public": {
          "type": "Buffer",
          "data": "3qYkJzT1czE4Btm3s4KZWizlaI9O9dXqNInSjf+UNzQ="
        }
      },
      "19": {
        "private": {
          "type": "Buffer",
          "data": "gNsEfviTTIUpDx0ZxnoeFEvsceH8+Wd4I68gU2ISTUw="
        },
        "public": {
          "type": "Buffer",
          "data": "Po+nMG+MW0Qbfev4nssxIEoYaaDOFL9kWLuQireYul8="
        }
      },
      "20": {
        "private": {
          "type": "Buffer",
          "data": "UNyz3WfjkNwqQAZ1J6zSxDTLyov57kuZm9dOMlDMWWI="
        },
        "public": {
          "type": "Buffer",
          "data": "siQbHODf5i56vlsW/Tfdx9xeLIm9KMSK+rJRfRNTCV4="
        }
      },
      "21": {
        "private": {
          "type": "Buffer",
          "data": "gLVAnRNSa1uTzA/ouDLUH0T+o0G9LHrPBH1TAzPIFHA="
        },
        "public": {
          "type": "Buffer",
          "data": "uHSkvGMzKPQvtJOWVQphKFIy3jXMV3aVO9od63G3cTM="
        }
      },
      "22": {
        "private": {
          "type": "Buffer",
          "data": "qJS33dnC43NUhgOFy3S/LZ+LImU4imSnnj8hIkxU2VM="
        },
        "public": {
          "type": "Buffer",
          "data": "ypwwmSI2gMAcFXKeBMK9u1ed00XjUqkuEMDQ1Oy3BlU="
        }
      },
      "23": {
        "private": {
          "type": "Buffer",
          "data": "WMT2q2jWLyvk8ZAxtUxApUzfTGZWFDSpVsKPBHLOVUM="
        },
        "public": {
          "type": "Buffer",
          "data": "BaKNAQx1UuhHHjcxD5NKc8P4gOzAapcoZZ6Wlsj+Pjs="
        }
      },
      "24": {
        "private": {
          "type": "Buffer",
          "data": "wF/IO16cC51sm2/QTb1EbPvHtiLgN44D9NNrO6IxUVQ="
        },
        "public": {
          "type": "Buffer",
          "data": "smA4VAN29w3RYUKcwboWm/cScj5os3QbkTPbI8gMcXE="
        }
      },
      "25": {
        "private": {
          "type": "Buffer",
          "data": "CEMa/puScy+gQZMZLMSsKrVOANsPoHqVsPv9EoETC0w="
        },
        "public": {
          "type": "Buffer",
          "data": "xd5t2A1Q2vbrqTL9OXi2/JDE16u3JLndbyVLAKEqahg="
        }
      },
      "26": {
        "private": {
          "type": "Buffer",
          "data": "MLUTvEQUXug43+7UDzH8aWXk0/PkQDXBrzIw7bj8qkc="
        },
        "public": {
          "type": "Buffer",
          "data": "X3PYgwcFVKjGK7qXPdCVSGafkVRP2C4a/WO828Sl+S8="
        }
      },
      "27": {
        "private": {
          "type": "Buffer",
          "data": "YM8bg8LtNaBQbGgFr5VxEalZHN6coAICx1u3mFuZvmg="
        },
        "public": {
          "type": "Buffer",
          "data": "eQfyhThZWiMsS1r7v9lmEtpXQPlEFsDw8mXW7theAnM="
        }
      },
      "28": {
        "private": {
          "type": "Buffer",
          "data": "aFYO7TFtRP0+WhWR72I/phR0w0z4m7M7UIa6HaPhKH0="
        },
        "public": {
          "type": "Buffer",
          "data": "3akEqWZRWeYFyOWWTmTwSb467zm5xo/WlheXTYhyWHc="
        }
      },
      "29": null,
      "30": {
        "private": {
          "type": "Buffer",
          "data": "COTdLV2rDrn2z4tLvWRbINxWytRtamVSoIfKAhrkWlE="
        },
        "public": {
          "type": "Buffer",
          "data": "62smu5TiQZnGM87o1FJ5oJc/PTP3F0ECpeXR2htd0Ew="
        }
      }
    },
    "sessions": {
      "923187028664.0": {
        "_sessions": {
          "BXvZ8Ulq6bugAx+ytmsm1NuNS4/iCzNWIiBHyYrHA6ws": {
            "registrationId": 1249106842,
            "currentRatchet": {
              "ephemeralKeyPair": {
                "pubKey": "BWEs+Y7BSaDhxCIiJxl00cj69Vnb9DAxml3oATqLmAca",
                "privKey": "kIlG1MGDRsjBMh2M7g347Ly+sqycBg1p8npqFyqW1kY="
              },
              "lastRemoteEphemeralKey": "BX40qoCD5KGAiN6UJpbd1sz9WaWyWi9erFfuYcZ3mWBz",
              "previousCounter": 0,
              "rootKey": "dZioXvlCCqJB//0ojmG8+xRddMYxOmOWBB7M3wR+Wi4="
            },
            "indexInfo": {
              "baseKey": "BXvZ8Ulq6bugAx+ytmsm1NuNS4/iCzNWIiBHyYrHA6ws",
              "baseKeyType": 2,
              "closed": -1,
              "used": 1656096063073,
              "created": 1656096063073,
              "remoteIdentityKey": "Bd2WJN1TaKJrVoA8NWOt7MQno3gztxgxoth+O5YdXFIU"
            },
            "_chains": {
              "BX40qoCD5KGAiN6UJpbd1sz9WaWyWi9erFfuYcZ3mWBz": {
                "chainKey": {
                  "counter": 4,
                  "key": "dXzBikokjNZe2uOsPoaPvgIeH19qxYj/6UKVIFoYkjI="
                },
                "chainType": 2,
                "messageKeys": {}
              },
              "BWEs+Y7BSaDhxCIiJxl00cj69Vnb9DAxml3oATqLmAca": {
                "chainKey": {
                  "counter": -1,
                  "key": "CAHVa9j+i0N4KJ+F69g3CmPCQ6OCnW18JPhqrh8ylAY="
                },
                "chainType": 1,
                "messageKeys": {}
              }
            }
          }
        },
        "version": "v1"
      }
    },
    "appStateSyncKeys": {
      "AAAAAAqA": {
        "keyData": "mc0NTIcA4mtj8sxP5EHLB2xiffFoV+mY5h0srm/9gx4=",
        "fingerprint": {
          "rawId": 979287,
          "currentIndex": 1,
          "deviceIndexes": [
            0,
            1
          ]
        },
        "timestamp": "1656063555407"
      }
    }
  }
}